{
  "target_rps": 90850,
  "achieved_rps": 80814.94241367704,
  "reqs": 7281009,
  "failed": 0,
  "dropped": 893147,
  "p50": 31.157005,
  "p95": 230.3618429999999,
  "p99": 450.03556439999994,
  "p99_9": 589.3511589120004
}